
{
        "fields": [
            {
                "name": "title",
                "type": "string"
            },
            {
                "name": "content",
                "type": "text"
            },
            {
                "name": "category",
                "type": "select",
                "options": {
                    "technology": "Technology",
                    "tips": "Tips",
                    "health": "Health"
                }
            },
            {
                "name": "user_id",
                "type": "integer#unsigned"
            }
        ],
        "foreign_keys": [
            {
                "column": "user_id",
                "references": "id",
                "on": "users",
                "onDelete": "cascade"
            }
        ],
        "relationships": [
            {
                "name": "user",
                "type": "belongsTo",
                "class": "App\\User"
            }
        ],
        "validations": [
            {
                "field": "title",
                "rules": "required|max:10"
            }
        ]
    }